"","Role","Salaire","Prime de Risque","Prime de Partenaire","Per Diem","Prime Locale","Heures supplémentaires","Activité  Privée","Activité non santé","Informel"
"1","administrateur","Admin (FoSa)","Admin (FoSa)","Admin (FoSa)","Admin (FoSa)","Admin (FoSa)","Admin (FoSa)","Admin (FoSa)","Admin (FoSa)","Admin (FoSa)"
"2","administrateur_gestionnaire","Admin (ECZ)","Admin (ECZ)","Admin (ECZ)","Admin (ECZ)","Admin (ECZ)","Admin (ECZ)","Admin (ECZ)","Admin (ECZ)","Admin (ECZ)"
"3","autre","Autre","Autre","Autre","Autre","Autre","Autre","Autre","Autre","Autre"
"4","infirmier","Infirmier (Fosa)","Infirmier (Fosa)","Infirmier (Fosa)","Infirmier (Fosa)","Infirmier (Fosa)","Infirmier (Fosa)","Infirmier (Fosa)","Infirmier (Fosa)","Infirmier (Fosa)"
"5","infirmier_superviseur","Infirmier (ECZ)","Infirmier (ECZ)","Infirmier (ECZ)","Infirmier (ECZ)","Infirmier (ECZ)","Infirmier (ECZ)","Infirmier (ECZ)","Infirmier (ECZ)","Infirmier (ECZ)"
"6","labo","Tech Labo","Tech Labo","Tech Labo","Tech Labo","Tech Labo","Tech Labo","Tech Labo","Tech Labo","Tech Labo"
"7","medecin","Médecin (FoSa)","Médecin (FoSa)","Médecin (FoSa)","Médecin (FoSa)","Médecin (FoSa)","Médecin (FoSa)","Médecin (FoSa)","Médecin (FoSa)","Médecin (FoSa)"
"8","medecin_chef_zone","Médecin (ECZ)","Médecin (ECZ)","Médecin (ECZ)","Médecin (ECZ)","Médecin (ECZ)","Médecin (ECZ)","Médecin (ECZ)","Médecin (ECZ)","Médecin (ECZ)"
"9","pharmacien","Pharm. / prep Pharm.","Pharm. / prep Pharm.","Pharm. / prep Pharm.","Pharm. / prep Pharm.","Pharm. / prep Pharm.","Pharm. / prep Pharm.","Pharm. / prep Pharm.","Pharm. / prep Pharm.","Pharm. / prep Pharm."
